<?xml version="1.0" encoding="UTF-8"?>
<project-private xmlns="http://www.netbeans.org/ns/project-private/1">
    <editor-bookmarks xmlns="http://www.netbeans.org/ns/editor-bookmarks/2" lastBookmarkId="0"/>
    <open-files xmlns="http://www.netbeans.org/ns/projectui-open-files/2">
        <group>
            <file>file:/C:/Users/rathmesh/Documents/NetBeansProjects/Database/src/java/inputserv.java</file>
            <file>file:/C:/Users/rathmesh/Documents/NetBeansProjects/Database/web/css1.css</file>
            <file>file:/C:/Users/rathmesh/Documents/NetBeansProjects/Database/web/inputpage.jsp</file>
            <file>file:/C:/Users/rathmesh/Documents/NetBeansProjects/Database/web/css1_1.css</file>
            <file>file:/C:/Users/rathmesh/Documents/NetBeansProjects/Database/web/index.html</file>
            <file>file:/C:/Users/rathmesh/Documents/NetBeansProjects/Database/web/newcss.css</file>
            <file>file:/C:/Users/rathmesh/Documents/NetBeansProjects/Database/web/internal.jsp</file>
            <file>file:/C:/Users/rathmesh/Documents/NetBeansProjects/Database/src/java/internalserv.java</file>
        </group>
    </open-files>
</project-private>
